split,group,metric,model,mean,sd
validation_iid,all,SAE,Obs-only,82.93576701267243,2.5376909576424644
validation_iid,all,SAE,Full,79.22809455453238,2.7400624039802155
validation_iid,all,Physics NRMS,Obs-only,0.13552727511703963,0.008963392237147224
validation_iid,all,Physics NRMS,Full,0.11323810085266824,0.009106864871336627
validation_iid,separable,差值NRMSE,Obs-only,1.110272901700501,0.008653224725605223
validation_iid,separable,差值NRMSE,Full,1.0967472375524847,0.009986857513499644
validation_iid,separable,差异余弦,Obs-only,0.32272315204153207,0.0033173809417071935
validation_iid,separable,差异余弦,Full,0.3669652794630853,0.005485055193348858
validation_iid,separable,DMR,Obs-only,0.8723392668961201,0.02150536142120961
validation_iid,separable,DMR,Full,0.9287847000369123,0.008790948730420491
validation_iid,shape,差值NRMSE,Obs-only,1.0210708544015243,0.003509016639673945
validation_iid,shape,差值NRMSE,Full,0.9720843892016133,0.009737262499434483
validation_iid,shape,差异余弦,Obs-only,0.1642477157732818,0.00963187091508479
validation_iid,shape,差异余弦,Full,0.2912242681663871,0.014877670356174752
validation_iid,shape,DMR,Obs-only,0.40753984813905414,0.012470742318512588
validation_iid,shape,DMR,Full,0.5165653670216376,0.010451372618802971
test_locked,all,SAE,Obs-only,82.88774608193252,2.688292903717704
test_locked,all,SAE,Full,79.16075823746475,2.84071771453166
test_locked,all,Physics NRMS,Obs-only,0.13649083789697722,0.008777872322108788
test_locked,all,Physics NRMS,Full,0.1142742143482911,0.008994726497545645
test_locked,separable,差值NRMSE,Obs-only,1.1203569901085328,0.005104640136417054
test_locked,separable,差值NRMSE,Full,1.1033733934600545,0.007789215436708076
test_locked,separable,差异余弦,Obs-only,0.3179663899057031,0.003167888999074391
test_locked,separable,差异余弦,Full,0.36523490889156446,0.004982977805286705
test_locked,separable,DMR,Obs-only,0.8843882015897547,0.015066220505769348
test_locked,separable,DMR,Full,0.9380382899491146,0.005922860866046072
test_locked,shape,差值NRMSE,Obs-only,1.0158450074045844,0.0031305604581327233
test_locked,shape,差值NRMSE,Full,0.9715380541191729,0.012204139274088694
test_locked,shape,差异余弦,Obs-only,0.17789608515610392,0.007723768594850546
test_locked,shape,差异余弦,Full,0.2965036047727269,0.019236949976532546
test_locked,shape,DMR,Obs-only,0.4179176228347592,0.013599533412299795
test_locked,shape,DMR,Full,0.5236854959378153,0.008517371220745917
