split,code,method,n_seeds,density_sae_mean,density_sae_sd,density_mse_mean,density_mse_sd,density_nrmse_mean,density_nrmse_sd,foreground_nrmse_mean,foreground_nrmse_sd,physics_nrms_mean,physics_nrms_sd
validation_iid,0001,Base,3,127.871067622,7.32721634979,0.00144439117683,0.000161308768034,0.368403018453,0.0233998848846,0.341321923118,0.0214036372545,0.246927178828,0.0297974368276
validation_iid,1001,Base-TARF,3,106.44173728,5.41658095073,0.00101901757529,8.07924272636e-05,0.323447679107,0.0113153696791,0.293984439504,0.00756508783592,0.213604386416,0.0244626520905
validation_iid,0101,Base-修正,3,91.3524325934,4.56216691945,0.000872557654801,7.70451636271e-05,0.293405809241,0.0136949259314,0.268126858646,0.013400307253,0.127164313727,0.0142610303878
validation_iid,1101,Full,3,79.2280945545,2.74006240398,0.000696660344487,2.22352767118e-05,0.267606891812,0.00302377815331,0.241575961915,0.00119614393747,0.113238100853,0.00910686487134
validation_iid,0001C,Base-继续训练,3,126.669329788,6.30771305361,0.00143579252878,0.000156330913808,0.363995985829,0.0196770708149,0.339959436378,0.0205319942613,0.242241566919,0.0250621265495
validation_iid,1001C,Base-TARF-继续训练,3,106.097137648,5.46549621929,0.00101441045078,8.21905159009e-05,0.323297271456,0.0114046993765,0.292732825478,0.00886951578237,0.215602795285,0.0234162436913
validation_iid,T0P,SC,3,139.018973172,7.69823865288,0.00119214371794,0.000118559178106,0.347039399881,0.0098986909655,0.309157141366,0.00526237474949,0.256641221033,0.0209266260023
validation_iid,B0P,MC,3,149.31668872,1.91154585536,0.00153038683538,6.66221786643e-05,0.382031616226,0.00766151565128,0.355318183513,0.00700103303542,0.271762099003,0.0109852166975
test_locked,0001,Base,3,128.10495073,6.93914665235,0.00146348163864,0.000157869450146,0.36979667486,0.0223798958961,0.342645916531,0.0207265693769,0.248836057533,0.028868812758
test_locked,1001,Base-TARF,3,106.491777758,5.35169083187,0.00102494663299,8.61118507727e-05,0.323672411481,0.0107168638691,0.295188508582,0.00720610846829,0.214021807988,0.0238519795076
test_locked,0101,Base-修正,3,91.714175154,4.12865359216,0.000883224292706,7.43779754069e-05,0.294610984927,0.0121423099005,0.269445799486,0.0119785612791,0.128804050315,0.013872179584
test_locked,1101,Full,3,79.1607582375,2.84071771453,0.000697496193179,2.52809127029e-05,0.267765044548,0.00307922878566,0.242451879318,0.00162879520878,0.114274214348,0.00899472649755
test_locked,0001C,Base-继续训练,3,127.688253244,6.68841438618,0.0014668936428,0.000165054170555,0.36627107466,0.0196599715007,0.342465782188,0.0212256133464,0.24404476446,0.0241865970572
test_locked,1001C,Base-TARF-继续训练,3,106.178483642,5.41226785983,0.00102085403116,8.81277861136e-05,0.323505916575,0.0108269635212,0.293804693775,0.00868168831644,0.21592533976,0.0226366950688
test_locked,T0P,SC,3,139.173858494,8.08909831273,0.00118623637216,0.000123289181856,0.347491807061,0.0104434458892,0.310736186744,0.00651860697627,0.255740183383,0.0186665331242
test_locked,B0P,MC,3,150.787674189,2.08409008525,0.00157019445476,7.39769406849e-05,0.386150043504,0.00849339083211,0.35998653769,0.00809057989928,0.276454600633,0.0119618809196
