split,code,method,seed,n_models,density_sae,density_mse,density_nrmse,foreground_nrmse,physics_nrms
validation_iid,0001,Base,1107,2500,132.534950078,0.00155595069873,0.385631436161,0.357398142151,0.270711376536
validation_iid,0001,Base,1108,2500,131.652574666,0.00151778716226,0.377814924822,0.349540568318,0.256566944641
validation_iid,0001,Base,1109,2500,119.425678123,0.00125943566951,0.341762694375,0.317027058885,0.213503215307
validation_iid,1001,Base-TARF,1107,2500,101.112313079,0.000944822457402,0.314950845773,0.289707400516,0.196022404245
validation_iid,1001,Base-TARF,1108,2500,111.941458633,0.00110509196206,0.336292051709,0.302719227419,0.24154157228
validation_iid,1001,Base-TARF,1109,2500,106.271440129,0.00100713830639,0.319100139837,0.289526690576,0.203249182723
validation_iid,0101,Base-修正,1107,2500,94.531297622,0.000930175618666,0.304212238723,0.278960815855,0.13553811218
validation_iid,0101,Base-修正,1108,2500,93.4009225423,0.000902452036642,0.298000934746,0.272277390841,0.135256934537
validation_iid,0101,Base-修正,1109,2500,86.1250776159,0.000785045309095,0.278004254255,0.253142369244,0.110697894465
validation_iid,1101,Full,1107,2500,76.1430990191,0.00067150827141,0.26411533586,0.240274785721,0.103397855626
validation_iid,1101,Full,1108,2500,81.3789046496,0.000713701517686,0.269356147914,0.241825344698,0.121369479948
validation_iid,1101,Full,1109,2500,80.1622799949,0.000704771244365,0.269349191661,0.242627755326,0.114946966985
validation_iid,0001C,Base-继续训练,1107,2500,130.950228366,0.00155733333623,0.379168205398,0.356635455757,0.259558716122
validation_iid,0001C,Base-继续训练,1108,2500,129.632082875,0.0014906085806,0.371057057716,0.346215794493,0.253662769329
validation_iid,0001C,Base-继续训练,1109,2500,119.425678123,0.00125943566951,0.341762694375,0.317027058885,0.213503215307
validation_iid,1001C,Base-TARF-继续训练,1107,2500,101.112313079,0.000944822457402,0.314950845773,0.289707400516,0.196022404245
validation_iid,1001C,Base-TARF-继续训练,1108,2500,111.941458633,0.00110509196206,0.336292051709,0.302719227419,0.24154157228
validation_iid,1001C,Base-TARF-继续训练,1109,2500,105.237641231,0.000993316932886,0.318648916884,0.285771848499,0.209244409332
validation_iid,T0P,SC,1107,2500,130.165648095,0.00107456514551,0.337655124726,0.303345238289,0.237649061165
validation_iid,T0P,SC,1108,2500,142.755089075,0.00131165975438,0.357382698197,0.313598972121,0.279075503064
validation_iid,T0P,SC,1109,2500,144.136182347,0.00119020625392,0.346080376721,0.310527213688,0.25319909887
validation_iid,B0P,MC,1107,2500,148.07369528,0.00150313690207,0.377971069591,0.353081110561,0.270384776927
validation_iid,B0P,MC,1108,2500,151.517816105,0.00160631425416,0.390868709127,0.363164356425,0.283371026696
validation_iid,B0P,MC,1109,2500,148.358554774,0.00148170934991,0.377255069959,0.349709083553,0.261530493386
test_locked,0001,Base,1107,10710,132.608138001,0.00157967765348,0.386161812704,0.358662220763,0.271676567129
test_locked,0001,Base,1108,10710,131.592933262,0.00152702502175,0.378934511182,0.35003903635,0.258442968287
test_locked,0001,Base,1109,10710,120.113780929,0.00128374224069,0.344293700694,0.319236492481,0.216388637184
test_locked,1001,Base-TARF,1107,10710,101.340470177,0.000953751494904,0.316008538651,0.291131773119,0.198367016979
test_locked,1001,Base-TARF,1108,10710,112.023546806,0.00112065817776,0.335918619173,0.303508551154,0.241473488582
test_locked,1001,Base-TARF,1109,10710,106.111316291,0.0010004302263,0.31909007662,0.290925201474,0.202224918403
test_locked,0101,Base-修正,1107,10710,94.5282843281,0.000942358908336,0.303685856444,0.279116502829,0.135678297537
test_locked,0101,Base-修正,1108,10710,93.6397430556,0.000907595896184,0.299329397047,0.273174562069,0.137896727591
test_locked,0101,Base-修正,1109,10710,86.9744980784,0.0007997180736,0.280817701291,0.25604633356,0.112837125818
test_locked,1101,Full,1107,10710,76.1370117889,0.000674373989606,0.264209459213,0.240678433703,0.104923983868
test_locked,1101,Full,1108,10710,81.7737196484,0.00072448931763,0.26953973751,0.242796253695,0.122865322086
test_locked,1101,Full,1109,10710,79.571543275,0.000693625272302,0.269545936922,0.243880950556,0.11503333709
test_locked,0001C,Base-继续训练,1107,10710,132.781404355,0.00160412623979,0.382185282383,0.360849971835,0.261241128155
test_locked,0001C,Base-继续训练,1108,10710,130.169574446,0.00151281244792,0.372334240904,0.347310882248,0.254504528043
test_locked,0001C,Base-继续训练,1109,10710,120.113780929,0.00128374224069,0.344293700694,0.319236492481,0.216388637184
test_locked,1001C,Base-TARF-继续训练,1107,10710,101.340470177,0.000953751494904,0.316008538651,0.291131773119,0.198367016979
test_locked,1001C,Base-TARF-继续训练,1108,10710,112.023546806,0.00112065817776,0.335918619173,0.303508551154,0.241473488582
test_locked,1001C,Base-TARF-继续训练,1109,10710,105.171433943,0.000988152420814,0.318590591901,0.286773757053,0.20793551372
test_locked,T0P,SC,1107,10710,129.879347078,0.00106094101356,0.336919545827,0.303433941051,0.237916919495
test_locked,T0P,SC,1108,10710,143.019519126,0.0013074163263,0.357801485363,0.315968493575,0.275148858108
test_locked,T0P,SC,1109,10710,144.622709279,0.00119035177662,0.347754389992,0.312806125607,0.254154772544
test_locked,B0P,MC,1107,10710,149.73302195,0.00154496223736,0.382915899622,0.358214100278,0.274917905781
test_locked,B0P,MC,1108,10710,153.188289654,0.00165348650815,0.395785402222,0.3688163911,0.289110568588
test_locked,B0P,MC,1109,10710,149.441710961,0.00151213461878,0.379748828668,0.352929121691,0.26533532753
