split,comparison,reference,candidate,metric,gain_mean,gain_sd,ratio_of_means_percent,improved_seed_count,n_seeds
validation_iid,TARF独立贡献,0001,1001,density_sae,21.4293303422,9.25460943842,16.7585449474,3,3
validation_iid,TARF独立贡献,0001,1001,density_mse,0.000425373601546,0.000179751095084,29.4500276912,3,3
validation_iid,TARF独立贡献,0001,1001,density_nrmse,0.0449553393463,0.0241923399048,12.2027608609,3,3
validation_iid,TARF独立贡献,0001,1001,foreground_nrmse,0.0473374836143,0.0201001574501,13.8688670162,3,3
validation_iid,TARF独立贡献,0001,1001,physics_nrms,0.0333227924123,0.0359035102628,13.4949877006,3,3
validation_iid,修正独立贡献,0001,0101,density_sae,36.518635029,2.78965689572,28.5589505961,3,3
validation_iid,修正独立贡献,0001,0101,density_mse,0.000571833522031,8.45495444751e-05,39.589934583,3,3
validation_iid,修正独立贡献,0001,0101,density_nrmse,0.0749972092115,0.00976609546819,20.3573818495,3,3
validation_iid,修正独立贡献,0001,0101,foreground_nrmse,0.0731950644716,0.00808436552716,21.4445834018,3,3
validation_iid,修正独立贡献,0001,0101,physics_nrms,0.119762865101,0.0162393406599,48.5012891935,3,3
validation_iid,修正条件贡献,1001,1101,density_sae,27.2136427256,2.95571890081,25.566702894,3,3
validation_iid,修正条件贡献,1001,1101,density_mse,0.000322357230799,6.15240264786e-05,31.6341188432,3,3
validation_iid,修正条件贡献,1001,1101,density_nrmse,0.0558407872946,0.00962394285932,17.2642411437,3,3
validation_iid,修正条件贡献,1001,1101,foreground_nrmse,0.0524084775886,0.0074569737967,17.82695631,3,3
validation_iid,修正条件贡献,1001,1101,physics_nrms,0.100366285563,0.0172879474408,46.9869964972,3,3
validation_iid,TARF条件贡献,0101,1101,density_sae,12.1243380389,6.21333239488,13.272047273,3,3
validation_iid,TARF条件贡献,0101,1101,density_mse,0.000175897310314,8.9888511735e-05,20.1588180845,3,3
validation_iid,TARF条件贡献,0101,1101,density_nrmse,0.0257989174294,0.0159129368555,8.79291296111,3,3
validation_iid,TARF条件贡献,0101,1101,foreground_nrmse,0.0265508967313,0.0144852130791,9.90236370402,3,3
validation_iid,TARF条件贡献,0101,1101,physics_nrms,0.0139262128748,0.0181946954983,10.9513529909,2,3
validation_iid,修正对续训,0001C,0101,density_sae,35.3168971947,1.74868627283,27.8811747515,3,3
validation_iid,修正对续训,0001C,0101,density_mse,0.000563234873982,7.93743256878e-05,39.2281518876,3,3
validation_iid,修正对续训,0001C,0101,density_nrmse,0.070590176588,0.00599222987759,19.3931195222,3,3
validation_iid,修正对续训,0001C,0101,foreground_nrmse,0.0718325777318,0.00713207958148,21.1297496246,3,3
validation_iid,修正对续训,0001C,0101,physics_nrms,0.115077253192,0.0109923451021,47.5051638145,3,3
validation_iid,Full对TARF续训,1001C,1101,density_sae,26.8690430931,3.19911453783,25.3249462604,3,3
validation_iid,Full对TARF续训,1001C,1101,density_mse,0.000317750106296,6.42275191157e-05,31.3236231006,3,3
validation_iid,Full对TARF续训,1001C,1101,density_nrmse,0.0556903796435,0.00976913602811,17.2257499709,3,3
validation_iid,Full对TARF续训,1001C,1101,foreground_nrmse,0.051156863563,0.00899964069328,17.4756156845,3,3
validation_iid,Full对TARF续训,1001C,1101,physics_nrms,0.102364694433,0.0154443260883,47.4783707221,3,3
validation_iid,Base续训收益,0001,0001C,density_sae,1.20173783421,1.06329876192,0.939804333029,2,3
validation_iid,Base续训收益,0001,0001C,density_mse,8.59864804899e-06,1.61055385266e-05,0.595312972476,1,3
validation_iid,Base续训收益,0001,0001C,density_nrmse,0.00440703262349,0.00381944433813,1.19625312572,2,3
validation_iid,Base续训收益,0001,0001C,foreground_nrmse,0.00136248673975,0.00174165168366,0.399179380952,2,3
validation_iid,Base续训收益,0001,0001C,physics_nrms,0.00468561190873,0.00578580986902,1.89756831588,2,3
validation_iid,TARF续训收益,1001,1001C,density_sae,0.344599632492,0.596864071746,0.323744840415,1,3
validation_iid,TARF续训收益,1001,1001C,density_mse,4.60712450285e-06,7.97977371573e-06,0.452114331939,1,3
validation_iid,TARF续训收益,1001,1001C,density_nrmse,0.000150407651067,0.000260513693495,0.0465013851644,1,3
validation_iid,TARF续训收益,1001,1001C,foreground_nrmse,0.00125161402563,0.00216785908386,0.425741589503,1,3
validation_iid,TARF续训收益,1001,1001C,physics_nrms,-0.0019984088696,0.00346134569645,-0.935565464332,0,3
validation_iid,SC到MC,T0P,B0P,density_sae,-10.2977155471,6.97076507407,-7.40741735612,0,3
validation_iid,SC到MC,T0P,B0P,density_mse,-0.000338243117445,7.82427640042e-05,-28.3726795985,0,3
validation_iid,SC到MC,T0P,B0P,density_nrmse,-0.0349922163445,0.00475311596651,-10.0830673279,0,3
validation_iid,SC到MC,T0P,B0P,foreground_nrmse,-0.0461610421471,0.00604474158616,-14.9312553296,0,3
validation_iid,SC到MC,T0P,B0P,physics_nrms,-0.0151208779704,0.0153877856194,-5.89183526696,0,3
validation_iid,MC到Base,B0P,0001,density_sae,21.4456210972,6.83548748883,14.3625078222,3,3
validation_iid,MC到Base,B0P,0001,density_mse,8.59956585498e-05,0.000137561208647,5.61921055262,2,3
validation_iid,MC到Base,B0P,0001,density_nrmse,0.0136285977727,0.0215821128891,3.56740049616,2,3
validation_iid,MC到Base,B0P,0001,foreground_nrmse,0.0139962603952,0.0185023401956,3.93907799957,2,3
validation_iid,MC到Base,B0P,0001,physics_nrms,0.0248349201751,0.0242370082883,9.13847820066,2,3
validation_iid,SC到Full,T0P,1101,density_sae,59.7908786179,5.16161349669,43.0091499408,3,3
validation_iid,SC到Full,T0P,1101,density_mse,0.00049548337345,9.78384510164e-05,41.562385977,3,3
validation_iid,SC到Full,T0P,1101,density_nrmse,0.0794325080692,0.00761179503079,22.8886138278,3,3
validation_iid,SC到Full,T0P,1101,foreground_nrmse,0.067581179451,0.00436030838861,21.8598150935,3,3
validation_iid,SC到Full,T0P,1101,physics_nrms,0.14340312018,0.0125471760649,55.8768850939,3,3
validation_iid,MC到Full,B0P,1101,density_sae,70.088594165,1.86766916394,46.9395583079,3,3
validation_iid,MC到Full,B0P,1101,density_mse,0.000833726490895,5.78658433216e-05,54.4781536027,3,3
validation_iid,MC到Full,B0P,1101,density_nrmse,0.114424724414,0.00682116322806,29.9516373917,3,3
validation_iid,MC到Full,B0P,1101,foreground_nrmse,0.113742221598,0.0071747691082,32.0113708996,3,3
validation_iid,MC到Full,B0P,1101,physics_nrms,0.158523998151,0.0106369468854,58.3319008545,3,3
test_locked,TARF独立贡献,0001,1001,density_sae,21.6131729725,8.81218518615,16.871458011,3,3
test_locked,TARF独立贡献,0001,1001,density_mse,0.000438535005652,0.000173557500324,29.9651867214,3,3
test_locked,TARF独立贡献,0001,1001,density_nrmse,0.0461242633787,0.0226354641601,12.472871314,3,3
test_locked,TARF独立贡献,0001,1001,foreground_nrmse,0.0474574079492,0.0196260019149,13.8502768192,3,3
test_locked,TARF独立贡献,0001,1001,physics_nrms,0.034814249545,0.0333674122469,13.9908379397,3,3
test_locked,修正独立贡献,0001,0101,density_sae,36.3907755765,2.81658740646,28.4070017349,3,3
test_locked,修正独立贡献,0001,0101,density_mse,0.000580257345936,8.38190202479e-05,39.649103249,3,3
test_locked,修正独立贡献,0001,0101,density_nrmse,0.0751856899327,0.0102419760233,20.3316295262,3,3
test_locked,修正独立贡献,0001,0101,foreground_nrmse,0.0732001170456,0.0087719275605,21.3631955071,3,3
test_locked,修正独立贡献,0001,0101,physics_nrms,0.120032007218,0.0162294903457,48.237385051,3,3
test_locked,修正条件贡献,1001,1101,density_sae,27.3310195206,2.61457696619,25.6649105649,3,3
test_locked,修正条件贡献,1001,1101,density_mse,0.000327450439811,6.10715335023e-05,31.9480477589,3,3
test_locked,修正条件贡献,1001,1101,density_nrmse,0.055907366933,0.00913841637628,17.272824297,3,3
test_locked,修正条件贡献,1001,1101,foreground_nrmse,0.0527366292644,0.00711434701568,17.8654072673,3,3
test_locked,修正条件贡献,1001,1101,physics_nrms,0.0997475936399,0.0166301253376,46.6062755836,3,3
test_locked,TARF条件贡献,0101,1101,density_sae,12.5534169166,5.52631559387,13.6875427332,3,3
test_locked,TARF条件贡献,0101,1101,density_mse,0.000185728099527,8.09778901977e-05,21.0284183826,3,3
test_locked,TARF条件贡献,0101,1101,density_nrmse,0.026845940379,0.0143308911296,9.11233516484,3,3
test_locked,TARF条件贡献,0101,1101,foreground_nrmse,0.026993920168,0.013459348857,10.0183117419,3,3
test_locked,TARF条件贡献,0101,1101,physics_nrms,0.014529835967,0.0164809876063,11.2805738107,2,3
test_locked,修正对续训,0001C,0101,density_sae,35.9740780895,2.60182223958,28.1733653454,3,3
test_locked,修正对续训,0001C,0101,density_mse,0.000583669350093,9.08095234185e-05,39.7894798275,3,3
test_locked,修正对续训,0001C,0101,density_nrmse,0.071660089733,0.00760145439812,19.5647690169,3,3
test_locked,修正对续训,0001C,0101,foreground_nrmse,0.0730199827022,0.0093219227767,21.3218331582,3,3
test_locked,修正对续训,0001C,0101,physics_nrms,0.115240714145,0.0110691570375,47.2211376466,3,3
test_locked,Full对TARF续训,1001C,1101,density_sae,27.0177254045,2.80609175625,25.445574732,3,3
test_locked,Full对TARF续训,1001C,1101,density_mse,0.000323357837982,6.35095396969e-05,31.6752276145,3,3
test_locked,Full对TARF续训,1001C,1101,density_nrmse,0.0557408720268,0.00931515701918,17.2302480947,3,3
test_locked,Full对TARF续训,1001C,1101,foreground_nrmse,0.0513528144575,0.00894373278021,17.4785548174,3,3
test_locked,Full对TARF续训,1001C,1101,physics_nrms,0.101651125412,0.0146877181065,47.0769783319,3,3
test_locked,Base续训收益,0001,0001C,density_sae,0.416697486987,0.87608822631,0.325278207135,1,3
test_locked,Base续训收益,0001,0001C,density_mse,-3.41200415681e-06,1.95551183872e-05,-0.233142942605,1,3
test_locked,Base续训收益,0001,0001C,density_nrmse,0.0035256001997,0.00332316045596,0.953388832129,2,3
test_locked,Base续训收益,0001,0001C,foreground_nrmse,0.000180134343379,0.00246289813176,0.0525715716104,1,3
test_locked,Base续训收益,0001,0001C,physics_nrms,0.00479129307273,0.00526973577189,1.92548182938,2,3
test_locked,TARF续训收益,1001,1001C,density_sae,0.313294116091,0.542641326781,0.294195592079,1,3
test_locked,TARF续训收益,1001,1001C,density_mse,4.09260182937e-06,7.08859430361e-06,0.399299016909,1,3
test_locked,TARF续训收益,1001,1001C,density_nrmse,0.000166494906171,0.00028837763669,0.0514393257706,1,3
test_locked,TARF续训收益,1001,1001C,foreground_nrmse,0.00138381480684,0.00239683755371,0.468790202398,1,3
test_locked,TARF续训收益,1001,1001C,physics_nrms,-0.00190353177219,0.00329701374325,-0.889410191457,0,3
test_locked,SC到MC,T0P,B0P,density_sae,-11.6138156945,7.62079169934,-8.34482554419,0,3
test_locked,SC到MC,T0P,B0P,density_mse,-0.000383958082602,8.75039592597e-05,-32.367754995,0,3
test_locked,SC到MC,T0P,B0P,density_nrmse,-0.0386582364436,0.00702527130643,-11.1249346483,0,3
test_locked,SC到MC,T0P,B0P,foreground_nrmse,-0.0492503509452,0.00796334501935,-15.8495704865,0,3
test_locked,SC到MC,T0P,B0P,physics_nrms,-0.0207144172504,0.0141729656279,-8.09978978526,0,3
test_locked,MC到Base,B0P,0001,density_sae,22.6827234581,6.17376374494,15.0428233476,3,3
test_locked,MC到Base,B0P,0001,density_mse,0.00010671281612,0.000132660978921,6.79615290934,2,3
test_locked,MC到Base,B0P,0001,density_nrmse,0.0163533686442,0.0193553168693,4.23497780702,2,3
test_locked,MC到Base,B0P,0001,foreground_nrmse,0.0173406211582,0.0171156609567,4.81701934453,2,3
test_locked,MC到Base,B0P,0001,physics_nrms,0.0276185430998,0.0230047246391,9.990263514,3,3
test_locked,SC到Full,T0P,1101,density_sae,60.0131002567,5.75430912951,43.1209574169,3,3
test_locked,SC到Full,T0P,1101,density_mse,0.000488740178981,9.84233048798e-05,41.2009099073,3,3
test_locked,SC到Full,T0P,1101,density_nrmse,0.0797267625123,0.00788622149664,22.9434941752,3,3
test_locked,SC到Full,T0P,1101,foreground_nrmse,0.0682843074266,0.00523785382011,21.9750097798,3,3
test_locked,SC到Full,T0P,1101,physics_nrms,0.141465969034,0.009856695399,55.3162851309,3,3
test_locked,MC到Full,B0P,1101,density_sae,71.6269159512,1.87197586444,47.5018374921,3,3
test_locked,MC到Full,B0P,1101,density_mse,0.000872698261583,5.52741353498e-05,55.5789927124,3,3
test_locked,MC到Full,B0P,1101,density_nrmse,0.118384998956,0.00802621545715,30.6577717515,3,3
test_locked,MC到Full,B0P,1101,foreground_nrmse,0.117534658372,0.00848598318014,32.6497371613,3,3
test_locked,MC到Full,B0P,1101,physics_nrms,0.162180386285,0.0104563548964,58.6643831983,3,3
