split,code,method,track,n_seeds,difference_nrmse_mean,difference_nrmse_sd,difference_cosine_mean,difference_cosine_sd,difference_magnitude_ratio_mean,difference_magnitude_ratio_sd
validation_iid,0001,Base,separable,3,1.1406914992,0.0351716285726,0.299480415731,0.0160497767507,0.883950943998,0.0393836481811
validation_iid,0001,Base,shape,3,1.04175034553,0.0131183957859,0.185087963723,0.00539036722286,0.500434757492,0.0338079861828
validation_iid,1001,Base-TARF,separable,3,1.21040040112,0.0264877996569,0.288139462246,0.00397092743257,0.988997553772,0.0426155260094
validation_iid,1001,Base-TARF,shape,3,1.08215984833,0.00630709124799,0.0794917908724,0.0179450120767,0.46888048393,0.031402415919
validation_iid,0101,Base-修正,separable,3,1.0630943396,0.0183501635357,0.381788571363,0.00369967249238,0.888714812009,0.0310143316045
validation_iid,0101,Base-修正,shape,3,0.967854141256,0.0121241557329,0.327838162253,0.0106806471061,0.582935135045,0.0144604328982
validation_iid,1101,Full,separable,3,1.09674723755,0.0099868575135,0.366965279463,0.00548505519335,0.928784700037,0.00879094873042
validation_iid,1101,Full,shape,3,0.972084389202,0.00973726249943,0.291224268166,0.0148776703562,0.516565367022,0.0104513726188
validation_iid,0001C,Base-继续训练,separable,3,1.13135444549,0.0192938607386,0.306150994416,0.00903468516921,0.875088278214,0.018900491139
validation_iid,0001C,Base-继续训练,shape,3,1.037648376,0.00923410693186,0.185202565364,0.00360749399604,0.489166424327,0.0217946945817
validation_iid,1001C,Base-TARF-继续训练,separable,3,1.22002299398,0.0167685414109,0.286192967061,0.00315031462422,1.00347358953,0.0314766334433
validation_iid,1001C,Base-TARF-继续训练,shape,3,1.08370680394,0.00705355281362,0.0801219716201,0.0174764589413,0.474369480547,0.0302897067176
validation_iid,T0P,SC,separable,3,1.2141400363,0.0379170710358,0.286905100004,0.0170305077634,0.994130640147,0.0415447042756
validation_iid,T0P,SC,shape,3,1.11368581446,0.00857198343659,0.00273083700121,0.00298593129849,0.468958023266,0.0182716826487
validation_iid,B0P,MC,separable,3,1.16375161735,0.0109256355743,0.306006708684,0.00617724951811,0.935149726594,0.00958264744939
validation_iid,B0P,MC,shape,3,1.03218752301,0.0104998057962,0.21566263932,0.0290836614806,0.524104492271,0.0223927693613
test_locked,0001,Base,separable,3,1.15916132743,0.0355577860861,0.292974792089,0.0138289598099,0.90404797581,0.0395968272796
test_locked,0001,Base,shape,3,1.03595700494,0.0104401026923,0.19221682038,0.00947122941245,0.503247426649,0.0336537216077
test_locked,1001,Base-TARF,separable,3,1.22544876888,0.027111231084,0.283737403652,0.0027836252964,1.00756605303,0.0418487885197
test_locked,1001,Base-TARF,shape,3,1.0765412752,0.00482176892944,0.0889931849043,0.0206924825116,0.470798108174,0.0365609858785
test_locked,0101,Base-修正,separable,3,1.07459007984,0.0172562549991,0.377109994172,0.00115464598135,0.902068620232,0.0320168298271
test_locked,0101,Base-修正,shape,3,0.964086030276,0.00790516587716,0.338099072731,0.0068425467927,0.595215297664,0.0121915657002
test_locked,1101,Full,separable,3,1.10337339346,0.00778921543671,0.365234908892,0.00498297780529,0.938038289949,0.00592286086605
test_locked,1101,Full,shape,3,0.971538054119,0.0122041392741,0.296503604773,0.0192369499765,0.523685495938,0.00851737122075
test_locked,0001C,Base-继续训练,separable,3,1.14808813703,0.0145746540625,0.29949116782,0.00525034424931,0.895034172043,0.0166292862134
test_locked,0001C,Base-继续训练,shape,3,1.029025005,0.00465705450589,0.196349907174,0.00783610658481,0.490568713902,0.021774352299
test_locked,1001C,Base-TARF-继续训练,separable,3,1.23519651721,0.0154245774061,0.282072139067,0.00331496994479,1.02157755084,0.02751370827
test_locked,1001C,Base-TARF-继续训练,shape,3,1.07827296678,0.00486793732906,0.0906368371102,0.0196887304953,0.477632676912,0.0339442553181
test_locked,T0P,SC,separable,3,1.22071106578,0.0354974255586,0.282771977069,0.0161802580135,1.00111521586,0.0382802050117
test_locked,T0P,SC,shape,3,1.11220072242,0.0100098753392,0.00506967356047,0.00131287526417,0.469997093345,0.0219802608397
test_locked,B0P,MC,separable,3,1.19158171417,0.010031532493,0.299084330894,0.00476763240681,0.969296190381,0.00876631299727
test_locked,B0P,MC,shape,3,1.0232996757,0.0106531020478,0.225923578449,0.0280760147644,0.519492273055,0.0220536747625
