split,code,method,seed,track,n_pairs,difference_nrmse,difference_cosine,difference_magnitude_ratio
validation_iid,0001,Base,1107,separable,325,1.17932414165,0.283017842597,0.928651915237
validation_iid,0001,Base,1107,shape,325,1.05209944747,0.187704528508,0.530935064252
validation_iid,0001,Base,1108,separable,325,1.13222334185,0.300340603458,0.868841944536
validation_iid,0001,Base,1108,shape,325,1.04615516694,0.178888745802,0.506286224793
validation_iid,0001,Base,1109,separable,325,1.11052701411,0.315082801137,0.854358972221
validation_iid,0001,Base,1109,shape,325,1.0269964222,0.188670616858,0.46408298343
validation_iid,1001,Base-TARF,1107,separable,325,1.20628013307,0.283623867666,0.974506107343
validation_iid,1001,Base-TARF,1107,shape,325,1.07557332386,0.0682080231793,0.443441199042
validation_iid,1001,Base-TARF,1108,separable,325,1.23870688868,0.289707825808,1.0369689635
validation_iid,1001,Base-TARF,1108,shape,325,1.08814433177,0.100184618158,0.503977432151
validation_iid,1001,Base-TARF,1109,separable,325,1.18621418161,0.291086693265,0.955517590468
validation_iid,1001,Base-TARF,1109,shape,325,1.08276188935,0.0700827312794,0.459222820597
validation_iid,0101,Base-修正,1107,separable,325,1.08396244556,0.37783988926,0.924527072488
validation_iid,0101,Base-修正,1107,shape,325,0.98130044087,0.318872075874,0.599156518574
validation_iid,0101,Base-修正,1108,separable,325,1.05584149975,0.382350995707,0.870792421846
validation_iid,0101,Base-修正,1108,shape,325,0.964506331767,0.324987502838,0.571396009687
validation_iid,0101,Base-修正,1109,separable,325,1.04947907349,0.385174829122,0.870824941692
validation_iid,0101,Base-修正,1109,shape,325,0.957755651132,0.339654908047,0.578252876875
validation_iid,1101,Full,1107,separable,325,1.08693729904,0.372782971262,0.920301251115
validation_iid,1101,Full,1107,shape,325,0.96098457996,0.307786666737,0.516193744991
validation_iid,1101,Full,1108,separable,325,1.1069020785,0.361888098471,0.937853856566
validation_iid,1101,Full,1108,shape,325,0.979186697469,0.278992082876,0.50630476179
validation_iid,1101,Full,1109,separable,325,1.09640233512,0.366224768656,0.92819899243
validation_iid,1101,Full,1109,shape,325,0.976081890176,0.286894054886,0.527197594285
validation_iid,0001C,Base-继续训练,1107,separable,325,1.14861773333,0.297016830391,0.891364823469
validation_iid,0001C,Base-继续训练,1107,shape,325,1.04338744021,0.185466908216,0.503475757995
validation_iid,0001C,Base-继续训练,1108,separable,325,1.13491858902,0.30635335172,0.879541038952
validation_iid,0001C,Base-继续训练,1108,shape,325,1.04256126557,0.181470171017,0.499940531556
validation_iid,0001C,Base-继续训练,1109,separable,325,1.11052701411,0.315082801137,0.854358972221
validation_iid,0001C,Base-继续训练,1109,shape,325,1.0269964222,0.188670616858,0.46408298343
validation_iid,1001C,Base-TARF-继续训练,1107,separable,325,1.20628013307,0.283623867666,0.974506107343
validation_iid,1001C,Base-TARF-继续训练,1107,shape,325,1.07557332386,0.0682080231793,0.443441199042
validation_iid,1001C,Base-TARF-继续训练,1108,separable,325,1.23870688868,0.289707825808,1.0369689635
validation_iid,1001C,Base-TARF-继续训练,1108,shape,325,1.08814433177,0.100184618158,0.503977432151
validation_iid,1001C,Base-TARF-继续训练,1109,separable,325,1.2150819602,0.285247207709,0.998945697755
validation_iid,1001C,Base-TARF-继续训练,1109,shape,325,1.0874027562,0.0719732735226,0.475689810447
validation_iid,T0P,SC,1107,separable,325,1.23227539438,0.287560046079,1.02394232896
validation_iid,T0P,SC,1107,shape,325,1.12276644007,0.00105587508254,0.487945084208
validation_iid,T0P,SC,1108,separable,325,1.23958374475,0.269556567102,1.01177337268
validation_iid,T0P,SC,1108,shape,325,1.11255659812,0.00617823417522,0.467431488739
validation_iid,T0P,SC,1109,separable,325,1.17056096977,0.303598686831,0.946676218799
validation_iid,T0P,SC,1109,shape,325,1.1057344052,0.000958401745889,0.45149749685
validation_iid,B0P,MC,1107,separable,325,1.16721924432,0.301033713556,0.936516087943
validation_iid,B0P,MC,1107,shape,325,1.02038352901,0.239952510259,0.53349093064
validation_iid,B0P,MC,1108,separable,325,1.1725226211,0.304064842984,0.943975853182
validation_iid,B0P,MC,1108,shape,325,1.035692602,0.223601552896,0.540276488176
validation_iid,B0P,MC,1109,separable,325,1.15151298663,0.312921569512,0.924957238655
validation_iid,B0P,MC,1109,shape,325,1.04048643803,0.183433854806,0.498546057998
test_locked,0001,Base,1107,separable,1427,1.19921392823,0.277768587522,0.949319221492
test_locked,0001,Base,1107,shape,1428,1.0409676625,0.203072445672,0.53072223351
test_locked,0001,Base,1108,separable,1427,1.14695794392,0.296356681699,0.886961629177
test_locked,0001,Base,1108,shape,1428,1.04294723972,0.185639774846,0.513309691683
test_locked,0001,Base,1109,separable,1427,1.13131211016,0.304799107045,0.875863076762
test_locked,0001,Base,1109,shape,1428,1.0239561126,0.187938240623,0.465710354754
test_locked,1001,Base-TARF,1107,separable,1427,1.22473363435,0.280588366243,1.00018356263
test_locked,1001,Base-TARF,1107,shape,1428,1.07275770999,0.0750780396719,0.444821907156
test_locked,1001,Base-TARF,1108,separable,1427,1.25291049243,0.28586981333,1.05261482749
test_locked,1001,Base-TARF,1108,shape,1428,1.08197042001,0.112772035188,0.512606920401
test_locked,1001,Base-TARF,1109,separable,1427,1.19870217986,0.284754031384,0.969899768954
test_locked,1001,Base-TARF,1109,shape,1428,1.07489569561,0.0791294798531,0.454965496966
test_locked,0101,Base-修正,1107,separable,1427,1.09451301101,0.37673411277,0.939011339505
test_locked,0101,Base-修正,1107,shape,1428,0.970723155773,0.337826322857,0.609286501
test_locked,0101,Base-修正,1108,separable,1427,1.06492178092,0.378405744523,0.884823642152
test_locked,0101,Base-修正,1108,shape,1428,0.966194535925,0.331396979108,0.587811998111
test_locked,0101,Base-修正,1109,separable,1427,1.06433544758,0.376190125222,0.88237087904
test_locked,0101,Base-修正,1109,shape,1428,0.95534039913,0.345073916227,0.588547393881
test_locked,1101,Full,1107,separable,1427,1.09733216015,0.369879861052,0.933935643111
test_locked,1101,Full,1107,shape,1428,0.957678029946,0.318203456926,0.525342283734
test_locked,1101,Full,1108,separable,1427,1.1121645822,0.359971619594,0.944828442077
test_locked,1101,Full,1108,shape,1428,0.980673924965,0.281543014906,0.514461454169
test_locked,1101,Full,1109,separable,1427,1.10062343803,0.365853246028,0.935350784659
test_locked,1101,Full,1109,shape,1428,0.976262207446,0.289764342486,0.53125274991
test_locked,0001C,Base-继续训练,1107,separable,1427,1.15763556102,0.29430037921,0.903678980995
test_locked,0001C,Base-继续训练,1107,shape,1428,1.0300044901,0.203443207468,0.499731564742
test_locked,0001C,Base-继续训练,1108,separable,1427,1.15531673992,0.299374017206,0.90556045837
test_locked,0001C,Base-继续训练,1108,shape,1428,1.0331144123,0.197668273431,0.50626422221
test_locked,0001C,Base-继续训练,1109,separable,1427,1.13131211016,0.304799107045,0.875863076762
test_locked,0001C,Base-继续训练,1109,shape,1428,1.0239561126,0.187938240623,0.465710354754
test_locked,1001C,Base-TARF-继续训练,1107,separable,1427,1.22473363435,0.280588366243,1.00018356263
test_locked,1001C,Base-TARF-继续训练,1107,shape,1428,1.07275770999,0.0750780396719,0.444821907156
test_locked,1001C,Base-TARF-继续训练,1108,separable,1427,1.25291049243,0.28586981333,1.05261482749
test_locked,1001C,Base-TARF-继续训练,1108,shape,1428,1.08197042001,0.112772035188,0.512606920401
test_locked,1001C,Base-TARF-继续训练,1109,separable,1427,1.22794542483,0.279758237628,1.0119342624
test_locked,1001C,Base-TARF-继续训练,1109,shape,1428,1.08009077035,0.0840604364709,0.47546920318
test_locked,T0P,SC,1107,separable,1427,1.23601369502,0.284279958507,1.02874486824
test_locked,T0P,SC,1107,shape,1428,1.12323286185,0.0037340784045,0.494905319295
test_locked,T0P,SC,1108,separable,1427,1.24599057828,0.265890517753,1.0171805809
test_locked,T0P,SC,1108,shape,1428,1.10967070848,0.00635858356288,0.461764008277
test_locked,T0P,SC,1109,separable,1427,1.18012892404,0.298145454948,0.957420198444
test_locked,T0P,SC,1109,shape,1428,1.10369859694,0.00511635871404,0.453321952462
test_locked,B0P,MC,1107,separable,1427,1.20051541524,0.294738803352,0.978484713324
test_locked,B0P,MC,1107,shape,1428,1.0117932786,0.248235164421,0.527112924613
test_locked,B0P,MC,1108,separable,1427,1.19350026754,0.298330046399,0.968379771779
test_locked,B0P,MC,1108,shape,1428,1.02528581936,0.23513706266,0.536724970417
test_locked,B0P,MC,1109,separable,1427,1.18072945972,0.304184142932,0.961024086041
test_locked,B0P,MC,1109,shape,1428,1.03281992914,0.194398508264,0.494638924136
