dataset_index,sample_id,track,beta,score,relative_kkt,outer_iterations,converged,absent_sign_false_positive_count,absent_sign_false_positive_density_sae,density_centroid_error_m,density_mae,density_mse,density_rmse,density_sae,density_sse,density_min,density_max,density_out_of_range_rate,density_support_false_positive_rate,foreground_nrmse,density_support_macro_unit_dice,observation_sae,observation_sse,physics_nrms,density_support_precision,density_support_recall,sign_accuracy,density_support_dice,truth_support_voxel_count,density_support_voxel_count,empty_prediction_rate,empty_truth_rate,density_geometry_valid_rate,physical_depth_m,truth_top_depth_m,truth_bottom_depth_m,density_top_depth_error_m,density_support_volume_relative_error,density_sae_z00,density_sae_z01,density_sae_z02,density_sae_z03,density_sae_z04,density_sae_z05,density_sae_z06,density_sae_z07,density_sae_z08,density_sae_z09,density_sae_z10,density_sae_z11,density_sae_z12,density_sae_z13,density_sae_z14,density_sae_z15,truth_support_voxel_count_z00,truth_support_voxel_count_z01,truth_support_voxel_count_z02,truth_support_voxel_count_z03,truth_support_voxel_count_z04,truth_support_voxel_count_z05,truth_support_voxel_count_z06,truth_support_voxel_count_z07,truth_support_voxel_count_z08,truth_support_voxel_count_z09,truth_support_voxel_count_z10,truth_support_voxel_count_z11,truth_support_voxel_count_z12,truth_support_voxel_count_z13,truth_support_voxel_count_z14,truth_support_voxel_count_z15,background_rmse_gcc,density_dice_0.005,density_dice_0.02,density_dice_0.05,density_dice_0.1
935,v023_train_000935_fe1e453d4f,shape,1000.0,1.2919929187154122,0.0008137113649341641,80,False,2512.0,20.798831939697266,279.4625244140625,0.03139415383338928,0.017035674303770065,0.1305207759141922,514.36181640625,279.11248779296875,-0.8500000238418579,0.017053639516234398,0.0,0.1917034536600113,1.0352193117141724,0.5065645575523376,12179.349609375,97678.078125,0.22023054957389832,0.18605291843414307,0.6880733966827393,0.9889042973518372,0.2927517294883728,980.0,3627.0,0.0,0.0,1.0,403.125,31.25,781.25,125.0,2.7010204792022705,45.08755111694336,45.06604766845703,44.987518310546875,44.69820022583008,38.27544403076172,25.574390411376953,30.35955810546875,35.265689849853516,37.637908935546875,34.35889434814453,36.0267333984375,28.217885971069336,31.49869155883789,25.033905029296875,11.741086959838867,0.5322839021682739,0.0,0.0,0.0,9.0,42.0,72.0,93.0,106.0,112.0,110.0,108.0,100.0,94.0,71.0,48.0,15.0,0.09438180178403854,0.2927517294883728,0.5041176676750183,0.44539472460746765,0.4455445408821106
2869,v023_train_002869_8c2c0cf7c1,ordinary,1000.0,1.244295853433195,0.006765243720187726,80,False,2289.0,14.976323127746582,355.728515625,0.09961558133363724,0.06390456855297089,0.2527935206890106,1632.1016845703125,1047.012451171875,-0.8500000238418579,0.009256631135940552,0.0,0.2621448338031769,0.9295099377632141,0.4516785740852356,161438.078125,17289646.0,0.8173460364341736,0.26274043321609497,0.601725697517395,0.9704480171203613,0.3656819462776184,2201.0,5042.0,0.0,0.0,1.0,336.96331787109375,31.25,718.75,187.5,1.2907769680023193,116.87593078613281,116.71041870117188,116.3441162109375,115.75088500976562,106.00506591796875,75.81130981445312,45.16263961791992,53.26055145263672,100.9312744140625,110.19703674316406,111.60667419433594,112.37428283691406,112.65262603759766,112.80001831054688,112.76301574707031,112.85581970214844,0.0,0.0,0.0,0.0,61.0,115.0,169.0,205.0,206.0,208.0,206.0,207.0,206.0,206.0,206.0,206.0,0.17712171375751495,0.3656819462776184,0.38962697982788086,0.3017820715904236,0.2820053696632385
4181,v023_train_004181_9f4d32d921,shape,1000.0,1.1228658612800513,0.0007270010739653587,80,False,2837.0,33.072105407714844,349.5503234863281,0.022886212915182114,0.012552043423056602,0.11203590035438538,374.96771240234375,205.65267944335938,-0.03416437283158302,0.8500000238418579,0.0,0.20187436044216156,0.8866320252418518,0.48215609788894653,13534.236328125,176359.625,0.3151495158672333,0.111977718770504,0.6779089570045471,0.9648241400718689,0.19201339781284332,592.0,3589.0,0.0,0.0,1.0,309.332763671875,31.25,656.25,0.0,5.0625,31.354610443115234,31.38787841796875,31.413400650024414,31.442670822143555,31.88005256652832,31.761425018310547,23.318161010742188,16.04012680053711,20.93231201171875,22.06627655029297,22.688045501708984,20.858732223510742,21.535572052001953,21.58916664123535,15.672347068786621,1.0269417762756348,0.0,0.0,0.0,0.0,0.0,5.0,32.0,50.0,56.0,64.0,74.0,81.0,77.0,70.0,55.0,28.0,0.0923161581158638,0.19201339781284332,0.38542449474334717,0.44285714626312256,0.43617022037506104
5102,v023_train_005102_e0e75e2a99,ordinary,1000.0,1.2862940624448138,0.0019763597300655866,80,False,3659.0,34.13752746582031,352.3395690917969,0.08051339536905289,0.05615304037928581,0.2369663268327713,1319.1314697265625,920.0114135742188,-0.01911512203514576,0.8500000238418579,0.0,0.32653865218162537,0.954144299030304,0.44368302822113037,36632.65625,688257.75,0.3949722945690155,0.1542915552854538,0.769753634929657,0.9964349269866943,0.25695231556892395,1176.0,5871.0,0.0,0.0,1.0,343.75,156.25,531.25,0.0,3.992347002029419,103.53120422363281,103.45703125,103.26600646972656,102.94366455078125,102.47279357910156,101.4466781616211,99.38712310791016,79.66543579101562,40.49177169799805,86.6676025390625,97.83405303955078,98.75515747070312,99.08062744140625,99.16913604736328,0.5294374227523804,0.43369030952453613,0.0,0.0,0.0,0.0,0.0,0.0,0.0,168.0,168.0,168.0,168.0,168.0,168.0,168.0,0.0,0.0,0.19217152893543243,0.25695231556892395,0.354453980922699,0.2852953374385834,0.2769429087638855
5732,v023_train_005732_b981323fff,separable,1000.0,0.8596255104210875,0.00060271778288413,80,False,3276.0,34.82875061035156,202.54490661621094,0.025053080171346664,0.008107565343379974,0.09004201740026474,410.46966552734375,132.8343505859375,-0.025647670030593872,0.5103675127029419,0.0,0.2856585681438446,0.6397380828857422,0.48624032735824585,7216.2861328125,20653.30078125,0.18350723385810852,0.180376797914505,0.9641076922416687,1.0,0.3037875294685364,1002.0,5360.0,0.0,0.0,1.0,460.7659606933594,156.25,718.75,62.5,4.349301338195801,46.25627899169922,46.25077819824219,46.1633415222168,45.95392990112305,41.5933837890625,29.689434051513672,17.943485260009766,19.017818450927734,22.086109161376953,25.910255432128906,35.28382873535156,23.653818130493164,8.165818214416504,1.337113618850708,0.637199878692627,0.5270886421203613,0.0,0.0,0.0,0.0,47.0,90.0,129.0,144.0,146.0,148.0,132.0,96.0,62.0,8.0,0.0,0.0,0.07460850477218628,0.3037875294685364,0.5442359447479248,0.5143576860427856,0.49136579036712646
8067,v023_train_008067_59f9f78613,separable,1000.0,1.4889106370633889,0.004386993252276302,80,False,3473.0,26.172161102294922,445.51416015625,0.1348126381635666,0.08389006555080414,0.28963780403137207,2208.770263671875,1374.454833984375,-0.8500000238418579,0.014382345601916313,0.0,0.4182325303554535,0.9776592254638672,0.3726162612438202,138723.21875,11617644.0,0.7906322479248047,0.19200226664543152,0.4904020428657532,0.9328756928443909,0.2758866548538208,2760.0,7051.0,0.0,0.0,1.0,284.8505554199219,31.25,593.75,125.0,1.5547101497650146,163.79405212402344,163.59658813476562,163.11907958984375,162.2534942626953,160.75146484375,156.9652862548828,90.29682159423828,68.41951751708984,107.07969665527344,124.15748596191406,133.62255859375,141.40213012695312,147.85604858398438,148.51962280273438,142.33995056152344,134.5964813232422,0.0,0.0,0.0,0.0,0.0,0.0,157.0,215.0,255.0,279.0,296.0,308.0,315.0,318.0,314.0,303.0,0.24073345959186554,0.2758866548538208,0.2342754751443863,0.12133027613162994,0.08954863995313644
11289,v023_train_011289_b34909645d,shape,1000.0,1.287960935438632,0.0014108241954926993,80,False,2882.0,31.791046142578125,308.80548095703125,0.03666318953037262,0.019844550639390945,0.14087069034576416,600.689697265625,325.13311767578125,-0.8500000238418579,0.029923053458333015,0.0,0.2238651067018509,0.9892264604568481,0.4904244840145111,21150.2265625,282222.6875,0.34677833318710327,0.1695934534072876,0.7305699586868286,0.977806806564331,0.27514156699180603,964.0,4156.0,0.0,0.0,1.0,361.6441955566406,31.25,718.75,62.5,3.3112032413482666,51.44599151611328,51.48638916015625,51.50303268432617,51.4635009765625,51.147525787353516,39.035118103027344,30.54831314086914,35.29400634765625,38.1898307800293,37.7624626159668,37.80056381225586,31.676237106323242,36.0212516784668,31.32206153869629,24.916227340698242,1.0772089958190918,0.0,0.0,0.0,0.0,13.0,54.0,89.0,98.0,100.0,101.0,107.0,107.0,103.0,90.0,70.0,32.0,0.11184661090373993,0.27514156699180603,0.42732977867126465,0.4455990195274353,0.4325842559337616
12836,v023_train_012836_95f9eaffdb,ordinary,1000.0,0.574212842131356,0.00020419361859474745,80,False,1018.0,6.878583908081055,41.15968322753906,0.012113813310861588,0.0026531009934842587,0.05150826275348663,198.47271728515625,43.468406677246094,-0.010085878893733025,0.4078112542629242,0.0,0.15264897048473358,0.4812736213207245,0.4665420949459076,3701.947998046875,3686.587158203125,0.1456230878829956,0.21109652519226074,1.0,1.0,0.34842732548713684,642.0,3045.0,0.0,0.0,1.0,644.9571533203125,406.25,906.25,250.0,3.742990732192993,32.48623275756836,31.911237716674805,16.01728630065918,16.304786682128906,15.972902297973633,15.874380111694336,15.12632942199707,14.984617233276367,22.601486206054688,8.38119888305664,3.408365488052368,2.267559766769409,1.4391820430755615,0.8371866345405579,0.46148860454559326,0.39846983551979065,0.0,14.0,84.0,86.0,84.0,84.0,82.0,78.0,78.0,52.0,0.0,0.0,0.0,0.0,0.0,0.0,0.036316949874162674,0.34842732548713684,0.6880043148994446,0.8021201491355896,0.7654798626899719
18674,v023_train_018674_e2b64e38e1,shape,1000.0,1.1599592373570693,0.0006328335023495207,80,False,1833.0,27.390281677246094,280.786865234375,0.020943759009242058,0.009975748136639595,0.09987866878509521,343.1425476074219,163.44265747070312,-0.8500000238418579,0.0405496247112751,0.0,0.1569405049085617,0.9520478844642639,0.4814939498901367,7176.9296875,37596.609375,0.20424583554267883,0.15001705288887024,0.8799999952316284,0.9477124214172363,0.25611889362335205,499.0,2932.0,0.0,0.0,1.0,405.4985046386719,93.75,656.25,62.5,4.875751495361328,27.902572631835938,27.93539047241211,27.947376251220703,27.90833282470703,27.792972564697266,25.794145584106445,24.187891006469727,24.938404083251953,25.91588020324707,25.82266616821289,24.18109130859375,20.963903427124023,16.526851654052734,10.026893615722656,4.944055080413818,0.35412201285362244,0.0,0.0,0.0,0.0,0.0,28.0,49.0,66.0,77.0,76.0,65.0,57.0,42.0,26.0,13.0,0.0,0.07876038551330566,0.25611889362335205,0.40179187059402466,0.4545454680919647,0.41554054617881775
20943,v023_train_020943_67b77d9506,ordinary,1000.0,1.3507606109716028,0.000893455676686435,80,False,3620.0,49.53376770019531,290.3852233886719,0.03749245032668114,0.015667125582695007,0.12516838312149048,614.2763061523438,256.690185546875,-0.7926627397537231,0.042536962777376175,0.0,0.30743616819381714,0.9846479296684265,0.4493212401866913,9121.96484375,28656.326171875,0.19157017767429352,0.1492321640253067,0.7734082341194153,0.9235807657241821,0.25007572770118713,1067.0,5534.0,0.0,0.0,1.0,378.4266662597656,156.25,656.25,0.0,4.186504364013672,54.24028015136719,54.181297302246094,53.99800109863281,53.65592575073242,53.128543853759766,51.53364562988281,38.89883041381836,37.85565948486328,36.37160110473633,44.77294921875,52.67938995361328,46.33296585083008,29.83208465576172,5.6852827072143555,0.607537031173706,0.5022903084754944,0.0,0.0,0.0,0.0,0.0,16.0,72.0,110.0,156.0,176.0,180.0,173.0,131.0,53.0,0.0,0.0,0.10556302964687347,0.25007572770118713,0.3153713345527649,0.30797290802001953,0.2755820155143738
21714,v023_train_021714_9cde1b46c9,separable,1000.0,1.5440078439265326,0.006791927276076918,80,False,2875.0,22.159814834594727,503.80670166015625,0.14016194641590118,0.08708598464727402,0.2951033413410187,2296.413330078125,1426.8167724609375,-0.015770109370350838,0.8500000238418579,0.0,0.37895506620407104,0.98129802942276,0.3806602656841278,112214.84375,10639866.0,0.7743721008300781,0.20435716211795807,0.4933333396911621,0.9351432919502258,0.28892263770103455,2699.0,6517.0,0.0,0.0,1.0,279.096435546875,31.25,593.75,125.0,1.414597988128662,168.3365478515625,168.14816284179688,167.7305908203125,166.9864501953125,165.65440368652344,163.3433380126953,147.2265625,63.552215576171875,129.37144470214844,136.2156524658203,137.29026794433594,136.18434143066406,134.71751403808594,135.13648986816406,137.56712341308594,138.95205688476562,0.0,0.0,0.0,0.0,0.0,0.0,45.0,225.0,304.0,302.0,304.0,304.0,304.0,303.0,304.0,304.0,0.2552888095378876,0.28892263770103455,0.19960357248783112,0.05904977396130562,0.016515079885721207
22263,v023_train_022263_d6ebd8e43b,separable,1000.0,1.1322608944815786,0.0003457638883771905,80,False,2327.0,30.21082305908203,310.777099609375,0.021357176825404167,0.008131477050483227,0.09017470479011536,349.9159851074219,133.2261199951172,-0.7005387544631958,0.03905663266777992,0.0,0.2088671773672104,0.8908789753913879,0.4636446237564087,3731.8681640625,5179.7138671875,0.12268456816673279,0.1422245353460312,0.882067859172821,0.9812734127044678,0.24478349089622498,618.0,3838.0,0.0,0.0,1.0,440.432861328125,218.75,656.25,62.5,5.210355758666992,32.3955078125,32.348514556884766,32.20328140258789,31.9351806640625,31.519851684570312,29.415369033813477,28.44853401184082,27.381521224975586,29.328317642211914,23.981042861938477,23.278343200683594,17.763172149658203,8.228053092956543,0.8786398768424988,0.44207894802093506,0.36858421564102173,0.0,0.0,0.0,0.0,0.0,32.0,77.0,102.0,111.0,106.0,84.0,66.0,40.0,0.0,0.0,0.0,0.07422143220901489,0.24478349089622498,0.370615154504776,0.38161107897758484,0.31025180220603943
