dataset_index,sample_id,track,beta,score,relative_kkt,relative_change,outer_iterations,kkt_converged,outer_converged,converged,absent_sign_false_positive_count,absent_sign_false_positive_density_sae,density_centroid_error_m,density_mae,density_mse,density_rmse,density_sae,density_sse,density_min,density_max,density_out_of_range_rate,density_support_false_positive_rate,foreground_nrmse,density_support_macro_unit_dice,observation_sae,observation_sse,physics_nrms,density_support_precision,density_support_recall,sign_accuracy,density_support_dice,truth_support_voxel_count,density_support_voxel_count,empty_prediction_rate,empty_truth_rate,density_geometry_valid_rate,physical_depth_m,truth_top_depth_m,truth_bottom_depth_m,density_top_depth_error_m,density_support_volume_relative_error,density_sae_z00,density_sae_z01,density_sae_z02,density_sae_z03,density_sae_z04,density_sae_z05,density_sae_z06,density_sae_z07,density_sae_z08,density_sae_z09,density_sae_z10,density_sae_z11,density_sae_z12,density_sae_z13,density_sae_z14,density_sae_z15,truth_support_voxel_count_z00,truth_support_voxel_count_z01,truth_support_voxel_count_z02,truth_support_voxel_count_z03,truth_support_voxel_count_z04,truth_support_voxel_count_z05,truth_support_voxel_count_z06,truth_support_voxel_count_z07,truth_support_voxel_count_z08,truth_support_voxel_count_z09,truth_support_voxel_count_z10,truth_support_voxel_count_z11,truth_support_voxel_count_z12,truth_support_voxel_count_z13,truth_support_voxel_count_z14,truth_support_voxel_count_z15,background_rmse_gcc,density_dice_0.005,density_dice_0.02,density_dice_0.05,density_dice_0.1
935,v023_train_000935_fe1e453d4f,shape,300.0,0.9561527544066648,7.618839505611579e-06,0.0,0,True,True,True,7802.0,190.51287841796875,409.7069396972656,0.040065132081508636,0.01185089722275734,0.10886182636022568,656.4271240234375,194.16510009765625,-0.8500000238418579,0.11175151914358139,0.0,0.5765385627746582,0.7084296941757202,0.39499199390411377,3841.46240234375,7114.09814453125,0.05414237827062607,0.09764275699853897,0.9796126484870911,0.9958391189575195,0.17750877141952515,980.0,9841.0,0.0,0.0,1.0,403.125,31.25,781.25,0.0,9.041836738586426,75.55349731445312,74.2603530883789,72.12152099609375,69.31194305419922,60.0509033203125,41.2126579284668,35.81442642211914,33.548439025878906,33.46168518066406,32.850067138671875,31.36397933959961,29.097139358520508,28.626815795898438,24.007844924926758,11.972418785095215,3.17340087890625,0.0,0.0,0.0,9.0,42.0,72.0,93.0,106.0,112.0,110.0,108.0,100.0,94.0,71.0,48.0,15.0,0.09105510264635086,0.17750877141952515,0.2808346152305603,0.47281959652900696,0.5622822046279907
2869,v023_train_002869_8c2c0cf7c1,ordinary,300.0,1.0402380900568413,5.869749580463175e-06,0.0,0,True,True,True,10373.0,979.2928466796875,525.1270751953125,0.1538463532924652,0.06312675774097443,0.25125038623809814,2520.61865234375,1034.268798828125,-0.8500000238418579,0.3002370297908783,0.0,0.8534865975379944,0.6292929649353027,0.30747026205062866,66182.9140625,4063771.25,0.38873058557510376,0.15296339988708496,0.992733895778656,0.9480457305908203,0.2650375962257385,2201.0,14290.0,0.0,0.0,1.0,336.96331787109375,31.25,718.75,0.0,5.492503643035889,260.17822265625,258.23583984375,253.97427368164062,248.08309936523438,228.53848266601562,187.88308715820312,144.64877319335938,117.05399322509766,108.23914337158203,93.414306640625,90.57022094726562,96.64259338378906,103.07672882080078,107.98674011230469,110.78132629394531,111.31163024902344,0.0,0.0,0.0,0.0,61.0,115.0,169.0,205.0,206.0,208.0,206.0,207.0,206.0,206.0,206.0,206.0,0.23122797906398773,0.2650375962257385,0.2864142954349518,0.3100157678127289,0.3469536304473877
4181,v023_train_004181_9f4d32d921,shape,300.0,0.8239834656183064,4.125040068520737e-06,0.0,0,True,True,True,6668.0,190.904296875,393.930419921875,0.03409920632839203,0.009416937828063965,0.09704090654850006,558.681396484375,154.287109375,-0.16519014537334442,0.7922921776771545,0.0,0.48518237471580505,0.5992258787155151,0.37907350063323975,4848.18408203125,13683.0361328125,0.08086436986923218,0.07082221657037735,0.9848229289054871,0.9899497628211975,0.13204345107078552,592.0,8245.0,0.0,0.0,1.0,309.332763671875,31.25,656.25,0.0,12.92736530303955,56.099937438964844,55.731563568115234,54.9300651550293,53.88877868652344,52.68962860107422,51.13249206542969,40.93086624145508,28.855751037597656,26.785486221313477,25.765592575073242,24.798852920532227,23.590221405029297,23.129074096679688,21.228885650634766,15.611699104309082,3.5124616622924805,0.0,0.0,0.0,0.0,0.0,5.0,32.0,50.0,56.0,64.0,74.0,81.0,77.0,70.0,55.0,28.0,0.08783144503831863,0.13204345107078552,0.20254801213741302,0.3340314030647278,0.437322735786438
5102,v023_train_005102_e0e75e2a99,ordinary,300.0,0.9917116778312673,2.9147682857686943e-06,0.0,0,True,True,True,8979.0,389.138427734375,590.2263793945312,0.09647784382104874,0.04064495861530304,0.20160594582557678,1580.6929931640625,665.927001953125,-0.22465398907661438,0.8500000238418579,0.0,0.7340215444564819,0.684105396270752,0.3099997043609619,8153.2685546875,38953.546875,0.0804590955376625,0.09442687034606934,0.9889549612998962,0.9928698539733887,0.17233207821846008,1176.0,12326.0,0.0,0.0,1.0,343.75,156.25,531.25,125.0,9.481292724609375,152.8504180908203,151.01002502441406,147.53335571289062,142.89495849609375,136.62225341796875,128.7161865234375,119.24920654296875,83.5416259765625,69.231201171875,75.25685119628906,81.3839340209961,87.27912139892578,92.25271606445312,95.83485412597656,9.565067291259766,7.471301078796387,0.0,0.0,0.0,0.0,0.0,0.0,0.0,168.0,168.0,168.0,168.0,168.0,168.0,168.0,0.0,0.0,0.17797143757343292,0.17233207821846008,0.2184493988752365,0.3108830749988556,0.4197331964969635
5732,v023_train_005732_b981323fff,separable,300.0,0.7538314906011054,3.057440092392315e-06,0.0,0,True,True,True,6814.0,114.86978149414062,235.93333435058594,0.03458188846707344,0.00575224356725812,0.07584355026483536,566.5896606445312,94.24475860595703,-0.058045893907547,0.3348528742790222,0.0,0.6149395108222961,0.5760608315467834,0.3290022015571594,2984.083984375,2605.654296875,0.06322763860225677,0.09578434377908707,0.999002993106842,1.0,0.1747361123561859,1002.0,10460.0,0.0,0.0,1.0,460.7659606933594,156.25,718.75,125.0,9.439122200012207,60.3087043762207,59.081600189208984,57.035179138183594,54.55537414550781,47.638694763183594,40.734840393066406,36.39707565307617,39.32807922363281,41.30174255371094,42.7138671875,35.07897186279297,24.55972671508789,14.387019157409668,8.578971862792969,2.9921042919158936,1.8977153301239014,0.0,0.0,0.0,0.0,47.0,90.0,129.0,144.0,146.0,148.0,132.0,96.0,62.0,8.0,0.0,0.0,0.060318149626255035,0.1747361123561859,0.3288011848926544,0.5452210903167725,0.5686134099960327
8067,v023_train_008067_59f9f78613,separable,300.0,1.2931018993790802,1.5833551730951037e-06,0.0,0,True,True,True,9169.0,920.9596557617188,468.571533203125,0.18428590893745422,0.08132418990135193,0.2851739525794983,3019.34033203125,1332.41552734375,-0.8500000238418579,0.35009765625,0.0,0.8535672426223755,0.7111814022064209,0.28804415464401245,46623.9375,2070408.5,0.31912320852279663,0.1879189908504486,0.9746468663215637,0.9077040553092957,0.31504684686660767,2760.0,14319.0,0.0,0.0,1.0,284.8505554199219,31.25,593.75,0.0,4.188043594360352,290.98419189453125,289.3784484863281,284.9920959472656,277.3168029785156,266.3985900878906,252.2350616455078,190.21536254882812,137.26309204101562,118.06938934326172,114.66213989257812,118.43264770507812,125.53909301757812,137.23129272460938,143.3406219482422,140.30250549316406,132.9790496826172,0.0,0.0,0.0,0.0,0.0,0.0,157.0,215.0,255.0,279.0,296.0,308.0,315.0,318.0,314.0,303.0,0.27400949597358704,0.31504684686660767,0.32130539417266846,0.31886526942253113,0.32321062684059143
11289,v023_train_011289_b34909645d,shape,300.0,0.874481280532059,2.5614504181051103e-06,0.0,0,True,True,True,8352.0,258.5671691894531,476.9341125488281,0.04806648939847946,0.012997040525078773,0.11400456726551056,787.5213623046875,212.94351196289062,-0.7149311900138855,0.14612829685211182,0.0,0.6299610733985901,0.5985912084579468,0.36044859886169434,6092.0439453125,21093.666015625,0.08069953322410583,0.08934095501899719,0.987564742565155,0.9921671152114868,0.16378642618656158,964.0,10666.0,0.0,0.0,1.0,361.6441955566406,31.25,718.75,0.0,10.064315795898438,85.13480377197266,84.16130065917969,82.4202651977539,80.12139892578125,77.3908920288086,62.64137649536133,44.29588317871094,38.289573669433594,37.083091735839844,35.432090759277344,34.11655807495117,33.276397705078125,33.41642761230469,30.07461929321289,24.6375732421875,5.0290937423706055,0.0,0.0,0.0,0.0,13.0,54.0,89.0,98.0,100.0,101.0,107.0,107.0,103.0,90.0,70.0,32.0,0.10329363495111465,0.16378642618656158,0.24395780265331268,0.3716636896133423,0.4929982125759125
12836,v023_train_012836_95f9eaffdb,ordinary,300.0,0.7206018533598418,5.131803205496139e-06,0.0,0,True,True,True,2860.0,31.8671817779541,625.3387451171875,0.021758634597063065,0.0034486062359064817,0.05872483551502228,356.49346923828125,56.5019645690918,-0.041450999677181244,0.2463686466217041,0.0,0.4321560263633728,0.637272834777832,0.323505163192749,3122.687255859375,2574.92919921875,0.11772884428501129,0.08635509014129639,1.0,1.0,0.15887734293937683,642.0,7445.0,0.0,0.0,1.0,644.9571533203125,406.25,906.25,375.0,10.596572875976562,37.357295989990234,35.73798751831055,30.350482940673828,36.369625091552734,34.588836669921875,32.6156005859375,31.24566650390625,30.5372314453125,29.121456146240234,14.067952156066895,14.307008743286133,11.804832458496094,9.188100814819336,6.010478973388672,1.9631474018096924,1.2277584075927734,0.0,14.0,84.0,86.0,84.0,84.0,82.0,78.0,78.0,52.0,0.0,0.0,0.0,0.0,0.0,0.0,0.03256166726350784,0.15887734293937683,0.35360485315322876,0.5268993973731995,0.6964912414550781
18674,v023_train_018674_e2b64e38e1,shape,300.0,0.7660016730067896,4.47219942418487e-06,0.0,0,True,True,True,5352.0,110.23772430419922,336.2005310058594,0.0259341299533844,0.005835524294525385,0.07639060169458389,424.90478515625,95.6092300415039,-0.6996414661407471,0.1196846216917038,0.0,0.423355370759964,0.5899020433425903,0.380256712436676,3091.859375,4403.640625,0.06388930231332779,0.06868854910135269,0.9919999837875366,0.9912853837013245,0.12836787104606628,499.0,7220.0,0.0,0.0,1.0,405.4985046386719,93.75,656.25,62.5,13.468937873840332,44.59715270996094,43.994102478027344,42.912208557128906,41.533267974853516,40.0175666809082,32.91826248168945,26.397689819335938,24.667579650878906,24.780132293701172,24.81499481201172,23.451539993286133,20.327739715576172,16.114519119262695,10.758323669433594,5.7255754470825195,1.894118070602417,0.0,0.0,0.0,0.0,0.0,28.0,49.0,66.0,77.0,76.0,65.0,57.0,42.0,26.0,13.0,0.0,0.06670955568552017,0.12836787104606628,0.2383432537317276,0.4289168417453766,0.4779660999774933
20943,v023_train_020943_67b77d9506,ordinary,300.0,0.8807840703501132,3.1794745078923308e-06,0.0,0,True,True,True,7652.0,144.56568908691406,267.6554870605469,0.03830140084028244,0.007240154314786196,0.08508909493684769,627.5301513671875,118.62268829345703,-0.4914090037345886,0.07531393319368362,0.0,0.6555461287498474,0.6237863302230835,0.317789763212204,3978.6416015625,4310.490234375,0.07282903790473938,0.09385434538125992,0.9737827777862549,0.9781659245491028,0.17113928496837616,1067.0,11080.0,0.0,0.0,1.0,378.4266662597656,156.25,656.25,125.0,9.384254455566406,64.998779296875,63.68072509765625,61.51382827758789,58.87728500366211,55.946624755859375,51.87489318847656,34.75181579589844,29.517986297607422,32.1240119934082,42.0789794921875,46.45155715942383,42.3223876953125,28.517709732055664,9.308856010437012,3.30086612701416,2.2638614177703857,0.0,0.0,0.0,0.0,0.0,16.0,72.0,110.0,156.0,176.0,180.0,173.0,131.0,53.0,0.0,0.0,0.07410139590501785,0.17113928496837616,0.29513028264045715,0.4582860469818115,0.4183412492275238
21714,v023_train_021714_9cde1b46c9,separable,300.0,1.282521391550469,3.826917348990001e-06,0.0,0,True,True,True,8660.0,722.595947265625,664.6690673828125,0.17204640805721283,0.07865369319915771,0.2804526686668396,2818.808349609375,1288.662109375,-0.3849264085292816,0.8500000238418579,0.0,0.8208256959915161,0.6765131950378418,0.3091980814933777,35164.546875,2028309.875,0.3104993402957916,0.18988893926143646,0.9751851558685303,0.9325037598609924,0.3178388178348541,2699.0,13865.0,0.0,0.0,1.0,279.096435546875,31.25,593.75,0.0,4.137087821960449,272.1302490234375,270.9566345214844,267.14373779296875,259.6259460449219,248.45089721679688,234.3867645263672,214.56558227539062,134.61253356933594,84.91802215576172,93.31776428222656,103.45418548583984,113.34042358398438,121.43331909179688,128.73065185546875,134.9190673828125,136.82247924804688,0.0,0.0,0.0,0.0,0.0,0.0,45.0,225.0,304.0,302.0,304.0,304.0,304.0,303.0,304.0,304.0,0.27493229508399963,0.3178388178348541,0.32470953464508057,0.3386703431606293,0.35545071959495544
22263,v023_train_022263_d6ebd8e43b,separable,300.0,0.8000823770230326,4.164815414360505e-06,0.0,0,True,True,True,3795.0,61.373374938964844,490.5063781738281,0.02203730121254921,0.003803273430094123,0.061670687049627304,361.05914306640625,62.31283187866211,-0.4016973674297333,0.08574124425649643,0.0,0.38012176752090454,0.6395527720451355,0.37471017241477966,2194.19677734375,1290.01318359375,0.06076788157224655,0.09334342181682587,0.9967690110206604,1.0,0.17058660089969635,618.0,6609.0,0.0,0.0,1.0,440.432861328125,218.75,656.25,187.5,9.694174766540527,35.36830139160156,34.901458740234375,34.044708251953125,32.88956832885742,31.498687744140625,27.87067222595215,25.972885131835938,27.444019317626953,27.9979190826416,25.98052978515625,21.320175170898438,17.395282745361328,10.328886032104492,5.219638824462891,1.7140345573425293,1.112382173538208,0.0,0.0,0.0,0.0,0.0,32.0,77.0,102.0,111.0,106.0,84.0,66.0,40.0,0.0,0.0,0.0,0.049360521137714386,0.17058660089969635,0.3493231236934662,0.46617579460144043,0.4327889382839203
